,企業名,URL,電話番号,電話番号と周辺情報
0,株式会社綜合キャリアオプション,https://www.google.com/search?q=%E6%A0%AA%E5%BC%8F%E4%BC%9A%E7%A4%BE%E7%B6%9C%E5%90%88%E3%82%AD%E3%83%A3%E3%83%AA%E3%82%A2%E3%82%AA%E3%83%97%E3%82%B7%E3%83%A7%E3%83%B3%20%E9%9B%BB%E8%A9%B1%E7%95%AA%E5%8F%B7,"[('03-6837-4510', 3), ('03-6634-4510', 2), ('03-6837-4511', 1), ('03-6634-4500', 1)]","['ですか？首都圏本部｜拠点詳細｜株式会社綜合キャリアオプション- ›  › TEL03-6634-4510 FAX03-6837-4511 E-M|||', '港区浜松町2-4-1 世界貿易センタービルディング南館 16階 本社電話番号, 03-6837-4510 創立, 1990年6月 設立, 200|||']"
1,エンワールド・ジャパン株式会社,https://www.google.com/search?q=%E3%82%A8%E3%83%B3%E3%83%AF%E3%83%BC%E3%83%AB%E3%83%89%E3%83%BB%E3%82%B8%E3%83%A3%E3%83%91%E3%83%B3%E6%A0%AA%E5%BC%8F%E4%BC%9A%E7%A4%BE%20%E9%9B%BB%E8%A9%B1%E7%95%AA%E5%8F%B7,"[('03-4578-3500', 8)]",['会社 エンワールド・ジャパン株式会社 厚生労働大臣許可番号：13-ユ  TEL 03-4578-3500 エンジャパンサイト担当者 @ 関西エン|||']
2,ライクスタッフィング株式会社,https://www.google.com/search?q=%E3%83%A9%E3%82%A4%E3%82%AF%E3%82%B9%E3%82%BF%E3%83%83%E3%83%95%E3%82%A3%E3%83%B3%E3%82%B0%E6%A0%AA%E5%BC%8F%E4%BC%9A%E7%A4%BE%20%E9%9B%BB%E8%A9%B1%E7%95%AA%E5%8F%B7,"[('03-5428-5577', 2), ('06-6364-6000', 2), ('022-263-0088', 1), ('022-263-0089', 1), ('03-5784-5522', 1), ('092-432-0515', 1), ('092-432-0510', 1), ('06-6364-6007', 1)]","['ライクスタッフィング株式会社 本社 〒150-0043 東京都渋谷区  TEL：092-432-0515 / FAX：092-432-0510 |||', 'ーンシップ・会社概要 - マイナビ ›  › 240808 › 本社電話番号, 03-5428-5577 第二本社郵便番号, 530-0017 |||', '京都渋谷区道玄坂一丁目12番1号渋谷マークシティウェスト17階 本社電話番号, 03-5428-5577 第二本社郵便番号, 530-0017 |||']"
3,セイハネットワーク株式会社,https://www.google.com/search?q=%E3%82%BB%E3%82%A4%E3%83%8F%E3%83%8D%E3%83%83%E3%83%88%E3%83%AF%E3%83%BC%E3%82%AF%E6%A0%AA%E5%BC%8F%E4%BC%9A%E7%A4%BE%20%E9%9B%BB%E8%A9%B1%E7%95%AA%E5%8F%B7,"[('092-263-5201', 3), ('03-5608-7860', 3), ('06-6446-6700', 1), ('06-6446-6767', 1)]","['ン › セイハネットワーク株式会社 東京本部（英会話教室・スクール）の電話番号は03-5608-7860、住所は東京都墨田区太平4丁目1−3、最|||', '福岡市博多区店屋町1-35 博多三井ビルディング2号館4F · 本社電話番号, 092-263-5201 · 第二本社郵便番号, 130-001|||', '会社 ›  › セイハネットワーク株式会社 個人情報保護事務局 宛 電話番号, 03-5608-7860 (平日10:00～17:00） 受付時|||']"
4,株式会社ヒト・コミュニケーションズ,https://www.google.com/search?q=%E6%A0%AA%E5%BC%8F%E4%BC%9A%E7%A4%BE%E3%83%92%E3%83%88%E3%83%BB%E3%82%B3%E3%83%9F%E3%83%A5%E3%83%8B%E3%82%B1%E3%83%BC%E3%82%B7%E3%83%A7%E3%83%B3%E3%82%BA%20%E9%9B%BB%E8%A9%B1%E7%95%AA%E5%8F%B7,"[('03-5952-1111', 4), ('03-5952-1112', 2), ('03-5924-6075', 2), ('06-6456-1820', 1)]",[' 株式会社ヒト・コミュニケーションズ（人材派遣・紹介・代行サービス）の電話番号は03-5952-1111、住所は東京都豊島区東池袋1丁目9−6、|||']
5,株式会社ヒューマントラスト,https://www.google.com/search?q=%E6%A0%AA%E5%BC%8F%E4%BC%9A%E7%A4%BE%E3%83%92%E3%83%A5%E3%83%BC%E3%83%9E%E3%83%B3%E3%83%88%E3%83%A9%E3%82%B9%E3%83%88%20%E9%9B%BB%E8%A9%B1%E7%95%AA%E5%8F%B7,"[('03-6757-3900', 4), ('03-6757-3905', 2), ('06-6485-0560', 1), ('06-6485-0565', 1)]","['› 株式会社ヒューマントラスト 本社（人材派遣・紹介・代行サービス）の電話番号は03-6757-3900、住所は東京都千代田区丸の内1丁目6−5|||', ', 東京都豊島区東池袋3-1-1 サンシャイン60 21階 ; 本社電話番号, 03-6757-3900 ; 代表者, 代表取締役社長 阪本 昌|||']"
6,株式会社エスユーエス（人材）,https://www.google.com/search?q=%E6%A0%AA%E5%BC%8F%E4%BC%9A%E7%A4%BE%E3%82%A8%E3%82%B9%E3%83%A6%E3%83%BC%E3%82%A8%E3%82%B9%EF%BC%88%E4%BA%BA%E6%9D%90%EF%BC%89%20%E9%9B%BB%E8%A9%B1%E7%95%AA%E5%8F%B7,"[('075-229-6514', 3), ('075-229-6515', 2), ('06-6123-8256', 1), ('050-5536-6920', 1)]",[]
7,株式会社コンフィデンス・インターワークス（旧：株式会社コンフィデンス）,https://www.google.com/search?q=%E6%A0%AA%E5%BC%8F%E4%BC%9A%E7%A4%BE%E3%82%B3%E3%83%B3%E3%83%95%E3%82%A3%E3%83%87%E3%83%B3%E3%82%B9%E3%83%BB%E3%82%A4%E3%83%B3%E3%82%BF%E3%83%BC%E3%83%AF%E3%83%BC%E3%82%AF%E3%82%B9%EF%BC%88%E6%97%A7%EF%BC%9A%E6%A0%AA%E5%BC%8F%E4%BC%9A%E7%A4%BE%E3%82%B3%E3%83%B3%E3%83%95%E3%82%A3%E3%83%87%E3%83%B3%E3%82%B9%EF%BC%89%20%E9%9B%BB%E8%A9%B1%E7%95%AA%E5%8F%B7,"[('03-5312-7700', 7), ('03-6823-5406', 2), ('03-3539-1682', 2), ('03-5312-7703', 2)]",['45MG5FM EYSB0IK会社データ本社郵便番号160-0022本社電話番号03-5312-7700設立2014年8月資本金508百万円（2|||']
8,共同エンジニアリング株式会社（建築・東京都千代田区丸の内）,https://www.google.com/search?q=%E5%85%B1%E5%90%8C%E3%82%A8%E3%83%B3%E3%82%B8%E3%83%8B%E3%82%A2%E3%83%AA%E3%83%B3%E3%82%B0%E6%A0%AA%E5%BC%8F%E4%BC%9A%E7%A4%BE%EF%BC%88%E5%BB%BA%E7%AF%89%E3%83%BB%E6%9D%B1%E4%BA%AC%E9%83%BD%E5%8D%83%E4%BB%A3%E7%94%B0%E5%8C%BA%E4%B8%B8%E3%81%AE%E5%86%85%EF%BC%89%20%E9%9B%BB%E8%A9%B1%E7%95%AA%E5%8F%B7,"[('03-3286-7878', 8), ('03-3286-7877', 4), ('03-3286-5055', 2), ('03-6281-5782', 1)]","['東京都千代田区丸の内1-8-3 丸の内トラストタワー本館17F 本社電話番号, 03-3286-7878 設立, 2002年3月20日 資本金,|||']"
9,株式会社リクルートメディカルキャリア,https://www.google.com/search?q=%E6%A0%AA%E5%BC%8F%E4%BC%9A%E7%A4%BE%E3%83%AA%E3%82%AF%E3%83%AB%E3%83%BC%E3%83%88%E3%83%A1%E3%83%87%E3%82%A3%E3%82%AB%E3%83%AB%E3%82%AD%E3%83%A3%E3%83%AA%E3%82%A2%20%E9%9B%BB%E8%A9%B1%E7%95%AA%E5%8F%B7,"[('03-6705-9001', 1)]",[]
10,株式会社リクルートR&Dスタッフィング,https://www.google.com/search?q=%E6%A0%AA%E5%BC%8F%E4%BC%9A%E7%A4%BE%E3%83%AA%E3%82%AF%E3%83%AB%E3%83%BC%E3%83%88R%26D%E3%82%B9%E3%82%BF%E3%83%83%E3%83%95%E3%82%A3%E3%83%B3%E3%82%B0%20%E9%9B%BB%E8%A9%B1%E7%95%AA%E5%8F%B7,"[('03-6253-7063', 3), ('03-6636-4525', 1), ('045-650-1145', 1), ('054-275-5177', 1)]","['地, 東京都中央区銀座8-4-17 リクルートGINZA8ビル 本社電話番号, 03-6253-7063 設立, 2006年2月1日 資本金, |||', '地, 東京都中央区銀座8-4-17 リクルートGINZA8ビル 本社電話番号, 03-6253-7063 設立, 2006年2月1日 資本金, |||']"
11,UTエイム株式会社,https://www.google.com/search?q=UT%E3%82%A8%E3%82%A4%E3%83%A0%E6%A0%AA%E5%BC%8F%E4%BC%9A%E7%A4%BE%20%E9%9B%BB%E8%A9%B1%E7%95%AA%E5%8F%B7,"[('044-789-8755', 1), ('0800-800-7738', 1), ('053-401-2632', 1), ('053-401-2633', 1), ('03-5447-1711', 1), ('03-5447-1712', 1), ('075-353-1723', 1), ('03-5447-1715', 1), ('03-5447-1755', 1)]",['› UTエイム株式会社 京都オフィス（人材派遣・紹介・代行サービス）の電話番号は075-353-1723、住所は京都府京都市下京区材木町499−|||']
12,株式会社ネクストビート,https://www.google.com/search?q=%E6%A0%AA%E5%BC%8F%E4%BC%9A%E7%A4%BE%E3%83%8D%E3%82%AF%E3%82%B9%E3%83%88%E3%83%93%E3%83%BC%E3%83%88%20%E9%9B%BB%E8%A9%B1%E7%95%AA%E5%8F%B7,"[('03-5436-7080', 1), ('03-5436-7373', 1), ('03-5423-6131', 1), ('03-6455-3270', 1), ('03-6455-3271', 1), ('03-5423-6133', 1), ('022-216-6030', 1), ('022-216-6031', 1)]","['お知らせ | 株式会社ネクストビート › 2014/05/01 · 新電話番号：03-6455-3270（代表）; 新FAX番号：03-6455|||', '株式会社ネクストビートの企業情報 | キャリタス就活2024- › 電話番号: 03-5423-6133 事業所: 本社：東京他オフィス：札幌、|||', 'クストビート › 2017/07/30 · 株式会社ネクストビート  電話番号 022-216-6030（代表） FAX番号 022-216-6|||']"
13,株式会社div,https://www.google.com/search?q=%E6%A0%AA%E5%BC%8F%E4%BC%9A%E7%A4%BEdiv%20%E9%9B%BB%E8%A9%B1%E7%95%AA%E5%8F%B7,"[('080-4789-8877', 1), ('080-3407-0889', 1)]",[]
14,三井住友トラスト・ビジネスサービス株式会社,https://www.google.com/search?q=%E4%B8%89%E4%BA%95%E4%BD%8F%E5%8F%8B%E3%83%88%E3%83%A9%E3%82%B9%E3%83%88%E3%83%BB%E3%83%93%E3%82%B8%E3%83%8D%E3%82%B9%E3%82%B5%E3%83%BC%E3%83%93%E3%82%B9%E6%A0%AA%E5%BC%8F%E4%BC%9A%E7%A4%BE%20%E9%9B%BB%E8%A9%B1%E7%95%AA%E5%8F%B7,"[('03-6737-0920', 3), ('03-6737-0900', 2), ('03-5614-7811', 1), ('03-6737-0948', 1), ('03-6737-0930', 1), ('0120-60-1288', 1)]","[' 105-8574 本社所在地, 東京都港区芝3丁目33番1号 本社電話番号, 03-6737-0920 設立, 1990年5月 資本三井住友ト|||', ' 105-8574 本社所在地, 東京都港区芝3丁目33番1号 本社電話番号, 03-6737-0920 設立, 1990年5月 資本三井住友ト|||', '東京都 › 港区事業所名：三井住友トラスト・ビジネスサービス株式会社 電話番号：03-6737-0930 有効期限：2024/01/31 (あと|||']"
15,株式会社トライトエンジニアリング,https://www.google.com/search?q=%E6%A0%AA%E5%BC%8F%E4%BC%9A%E7%A4%BE%E3%83%88%E3%83%A9%E3%82%A4%E3%83%88%E3%82%A8%E3%83%B3%E3%82%B8%E3%83%8B%E3%82%A2%E3%83%AA%E3%83%B3%E3%82%B0%20%E9%9B%BB%E8%A9%B1%E7%95%AA%E5%8F%B7,"[('06-6365-1186', 2), ('06-6365-1131', 2), ('027-310-2775', 1), ('027-326-7157', 1), ('03-5436-7670', 1), ('03-5436-7022', 1), ('06-6365-1151', 1)]","['NBCS45MG5FM EYSB0IK株式会社トライトエンジニアリング / 電話06-6365-1186会社概要 - トライトエンジニアリング-|||', 'グのインターンシップ・会社概要 ›  › 276576 › 東京本社電話番号, 03-5436-7670 大阪本社郵便番号, 530-0057 |||', ', 大阪府大阪市北区曽根崎2-12-7 清和梅田ビル13階 大阪本社電話番号, 06-6365-1131 設立グループ会社一覧｜会社情報 - ト|||']"
16,株式会社ワールドコーポレーション（人材）,https://www.google.com/search?q=%E6%A0%AA%E5%BC%8F%E4%BC%9A%E7%A4%BE%E3%83%AF%E3%83%BC%E3%83%AB%E3%83%89%E3%82%B3%E3%83%BC%E3%83%9D%E3%83%AC%E3%83%BC%E3%82%B7%E3%83%A7%E3%83%B3%EF%BC%88%E4%BA%BA%E6%9D%90%EF%BC%89%20%E9%9B%BB%E8%A9%B1%E7%95%AA%E5%8F%B7,"[('03-3556-3351', 3), ('03-6261-2396', 2), ('03-6268-9199', 1), ('03-6261-0994', 1), ('03-6261-2395', 1), ('03-6268-9381', 1)]","['; インテリア・住宅関連; 不動産 基本情報 本社: 東京都  本社電話番号, 03-6261-2396 関西支店, 大阪府大阪市 東北支店, |||']"
17,株式会社JTBビジネストランスフォーム,https://www.google.com/search?q=%E6%A0%AA%E5%BC%8F%E4%BC%9A%E7%A4%BEJTB%E3%83%93%E3%82%B8%E3%83%8D%E3%82%B9%E3%83%88%E3%83%A9%E3%83%B3%E3%82%B9%E3%83%95%E3%82%A9%E3%83%BC%E3%83%A0%20%E9%9B%BB%E8%A9%B1%E7%95%AA%E5%8F%B7,"[('03-5992-3551', 2), ('03-5796-5960', 1), ('03-3747-0093', 1), ('03-5479-2211', 1)]","['Kアクセス - 株式会社JTBビジネストランスフォーム- ›  › 池袋営業所 03-5992-3551（代表） 〒170-0013 東京都豊島|||', ' 事業基盤機能株式会社JTBビジネストランスフォームJTB B T C  電話:03-5796-5960 求人情報 新卒者向け求人は、現在募集し|||', 'ーンシップ・会社概要 | マイナビ2025 ›  › 98 › 本社電話番号, 03-5479-2211 創立, 1912年3月12日 設立, |||']"
18,株式会社メディアハウスホールディングス,https://www.google.com/search?q=%E6%A0%AA%E5%BC%8F%E4%BC%9A%E7%A4%BE%E3%83%A1%E3%83%87%E3%82%A3%E3%82%A2%E3%83%8F%E3%82%A6%E3%82%B9%E3%83%9B%E3%83%BC%E3%83%AB%E3%83%87%E3%82%A3%E3%83%B3%E3%82%B0%E3%82%B9%20%E9%9B%BB%E8%A9%B1%E7%95%AA%E5%8F%B7,"[('03-5229-7272', 3), ('03-5229-7266', 2), ('03-6380-1651', 1)]",[]
19,サーブコープジャパン株式会社,https://www.google.com/search?q=%E3%82%B5%E3%83%BC%E3%83%96%E3%82%B3%E3%83%BC%E3%83%97%E3%82%B8%E3%83%A3%E3%83%91%E3%83%B3%E6%A0%AA%E5%BC%8F%E4%BC%9A%E7%A4%BE%20%E9%9B%BB%E8%A9%B1%E7%95%AA%E5%8F%B7,"[('03-5322-2900', 2), ('06-6258-3700', 2), ('03-5403-4630', 1), ('045-228-5100', 1)]",[' - 横浜市 - M › サーブコープジャパン株式会社（不動産会社）の電話番号は045-228-5100、住所は神奈川県横浜市中区桜木町1丁目1|||']
20,株式会社コングレ,https://www.google.com/search?q=%E6%A0%AA%E5%BC%8F%E4%BC%9A%E7%A4%BE%E3%82%B3%E3%83%B3%E3%82%B0%E3%83%AC%20%E9%9B%BB%E8%A9%B1%E7%95%AA%E5%8F%B7,"[('03-3510-3711', 5), ('03-3510-3712', 4), ('06-6229-2551', 2), ('06-6229-2552', 1), ('011-839-9260', 1), ('050-1702-1620', 1), ('03-3510-3715', 1)]","['-3712 ; 交通のご案内コングレについて - 株式会社コングレ › TEL：03-3510-3711 FAX：03-3510-3712 大阪|||', 'レについて - 株式会社コングレ › TEL：03-3510-3711 FAX：03-3510-3712 大阪本社〒541-0047 大阪市中央|||', 'ィス 移転のお知らせ - 株式会社コングレ › 2020/02/20 · T: 03-3510-3711（代） F: 03-3510-3712（|||', '主催。株式会社コングレの企業情報 | キャリタス就活2024- › 電話番号: 03-3510-3711 本社所在地2: 大阪府大阪市中央区淡路|||', 'ィス 移転のお知らせ - 株式会社コングレ › 2023/08/07 · T: 011-839-9260（代） F: 050-1702-1620|||', '京都中央区日本橋3-10-5 オンワードパークビルディング · 本社電話番号, 03-3510-3715 · 第二本社郵便番号, 541-004|||']"
21,株式会社パソナグループ,https://www.google.com/search?q=%E6%A0%AA%E5%BC%8F%E4%BC%9A%E7%A4%BE%E3%83%91%E3%82%BD%E3%83%8A%E3%82%B0%E3%83%AB%E3%83%BC%E3%83%97%20%E9%9B%BB%E8%A9%B1%E7%95%AA%E5%8F%B7,"[('03-6734-0200', 2), ('03-6734-1133', 2), ('03-6625-0376', 1), ('03-6625-0233', 1), ('03-6734-1111', 1)]","[' 代表電話番号 株式会社パソナグループ, 2009年12月21日（月）～順次, 03-6734-0200 株式会社パソナ, 2009年12月21|||']"
22,レジェンダ・コーポレーション株式会社,https://www.google.com/search?q=%E3%83%AC%E3%82%B8%E3%82%A7%E3%83%B3%E3%83%80%E3%83%BB%E3%82%B3%E3%83%BC%E3%83%9D%E3%83%AC%E3%83%BC%E3%82%B7%E3%83%A7%E3%83%B3%E6%A0%AA%E5%BC%8F%E4%BC%9A%E7%A4%BE%20%E9%9B%BB%E8%A9%B1%E7%95%AA%E5%8F%B7,"[('03-6894-7310', 6), ('03-5326-7310', 2), ('03-6894-7316', 2)]","['新宿2丁目21番1号 新宿フロントタワー30F TEL：03-6894-731603-6894-7316レジェンダ・コーポレーション株式会社 (|||', '03-6894-7316レジェンダ・コーポレーション株式会社 (新宿区 TEL:03-6894-7310)24 › 東京都 › 新宿区電話番号「|||']"
23,株式会社デジタルハーツ,https://www.google.com/search?q=%E6%A0%AA%E5%BC%8F%E4%BC%9A%E7%A4%BE%E3%83%87%E3%82%B8%E3%82%BF%E3%83%AB%E3%83%8F%E3%83%BC%E3%83%84%20%E9%9B%BB%E8%A9%B1%E7%95%AA%E5%8F%B7,"[('03-3373-0082', 3), ('03-3379-2053', 2), ('03-3379-2054', 1), ('03-3373-0083', 1), ('03-3373-0081', 1), ('011-728-2600', 1)]","['M EYSB0IK拠点一覧 - 株式会社デジタルハーツ ›  › 本社 TEL:03-3379-2053 FAX:03-3379-2054 〒1|||', '）の電話番号  - マピオン › 株式会社デジタルハーツ（IT関連）の電話番号は011-728-2600、住所は北海道札幌市北区北8条西3丁目、|||']"
24,ロバート・ウォルターズ・ジャパン株式会社,https://www.google.com/search?q=%E3%83%AD%E3%83%90%E3%83%BC%E3%83%88%E3%83%BB%E3%82%A6%E3%82%A9%E3%83%AB%E3%82%BF%E3%83%BC%E3%82%BA%E3%83%BB%E3%82%B8%E3%83%A3%E3%83%91%E3%83%B3%E6%A0%AA%E5%BC%8F%E4%BC%9A%E7%A4%BE%20%E9%9B%BB%E8%A9%B1%E7%95%AA%E5%8F%B7,"[('03-4570-1500', 5)]",[]
25,株式会社韓進インターナショナル ジャパン,https://www.google.com/search?q=%E6%A0%AA%E5%BC%8F%E4%BC%9A%E7%A4%BE%E9%9F%93%E9%80%B2%E3%82%A4%E3%83%B3%E3%82%BF%E3%83%BC%E3%83%8A%E3%82%B7%E3%83%A7%E3%83%8A%E3%83%AB%20%E3%82%B8%E3%83%A3%E3%83%91%E3%83%B3%20%E9%9B%BB%E8%A9%B1%E7%95%AA%E5%8F%B7,"[('03-5443-1240', 6), ('03-5443-1598', 2), ('03-5443-1258', 2)]",[]
26,株式会社DEITA（旧：株式会社グッドスタッフ）,https://www.google.com/search?q=%E6%A0%AA%E5%BC%8F%E4%BC%9A%E7%A4%BEDEITA%EF%BC%88%E6%97%A7%EF%BC%9A%E6%A0%AA%E5%BC%8F%E4%BC%9A%E7%A4%BE%E3%82%B0%E3%83%83%E3%83%89%E3%82%B9%E3%82%BF%E3%83%83%E3%83%95%EF%BC%89%20%E9%9B%BB%E8%A9%B1%E7%95%AA%E5%8F%B7,"[('03-5986-2280', 1), ('022-722-0741', 1), ('022-212-3703', 1), ('03-6280-6148', 1)]",[]
27,ヘイズ・スペシャリスト・リクルートメント・ジャパン株式会社,https://www.google.com/search?q=%E3%83%98%E3%82%A4%E3%82%BA%E3%83%BB%E3%82%B9%E3%83%9A%E3%82%B7%E3%83%A3%E3%83%AA%E3%82%B9%E3%83%88%E3%83%BB%E3%83%AA%E3%82%AF%E3%83%AB%E3%83%BC%E3%83%88%E3%83%A1%E3%83%B3%E3%83%88%E3%83%BB%E3%82%B8%E3%83%A3%E3%83%91%E3%83%B3%E6%A0%AA%E5%BC%8F%E4%BC%9A%E7%A4%BE%20%E9%9B%BB%E8%A9%B1%E7%95%AA%E5%8F%B7,"[('03-3560-1188', 6), ('06-6457-7272', 2), ('03-3560-1189', 1), ('045-326-3130', 1)]","['YSB0IKヘイズ・スペシャリスト・リクルートメント・ジャパン株式会社 / 電話06-6457-7272東京本社 | ヘイズ・ジャパン › -ヘ|||', '針ヘイズ・スペシャリスト・リクルートメント・ジャパン株式会社- › 電話番号: 03-3560-1188 事業所: 横浜支店〒220－8120 |||']"
28,株式会社アルファネット（システム運用）,https://www.google.com/search?q=%E6%A0%AA%E5%BC%8F%E4%BC%9A%E7%A4%BE%E3%82%A2%E3%83%AB%E3%83%95%E3%82%A1%E3%83%8D%E3%83%83%E3%83%88%EF%BC%88%E3%82%B7%E3%82%B9%E3%83%86%E3%83%A0%E9%81%8B%E7%94%A8%EF%BC%89%20%E9%9B%BB%E8%A9%B1%E7%95%AA%E5%8F%B7,"[('03-5800-4311', 2), ('06-4799-9760', 2), ('03-5800-4312', 1)]",[]
29,株式会社ビースタイル スマートキャリア,https://www.google.com/search?q=%E6%A0%AA%E5%BC%8F%E4%BC%9A%E7%A4%BE%E3%83%93%E3%83%BC%E3%82%B9%E3%82%BF%E3%82%A4%E3%83%AB%20%E3%82%B9%E3%83%9E%E3%83%BC%E3%83%88%E3%82%AD%E3%83%A3%E3%83%AA%E3%82%A2%20%E9%9B%BB%E8%A9%B1%E7%95%AA%E5%8F%B7,"[('03-5363-4400', 2), ('03-5363-4490', 1), ('03-5363-4555', 1)]",[]
30,株式会社エフ・オー・プランニング,https://www.google.com/search?q=%E6%A0%AA%E5%BC%8F%E4%BC%9A%E7%A4%BE%E3%82%A8%E3%83%95%E3%83%BB%E3%82%AA%E3%83%BC%E3%83%BB%E3%83%97%E3%83%A9%E3%83%B3%E3%83%8B%E3%83%B3%E3%82%B0%20%E9%9B%BB%E8%A9%B1%E7%95%AA%E5%8F%B7,"[('03-5436-8861', 6), ('06-6376-0505', 2), ('03-5436-8862', 1)]","['› 200714 ›  (株)エフ・オー・プランニングの会社  本社電話番号, 03-5436-8861 設立, 1987年10月 資本金, 1|||']"
31,日総工産株式会社,https://www.google.com/search?q=%E6%97%A5%E7%B7%8F%E5%B7%A5%E7%94%A3%E6%A0%AA%E5%BC%8F%E4%BC%9A%E7%A4%BE%20%E9%9B%BB%E8%A9%B1%E7%95%AA%E5%8F%B7,"[('088-693-3570', 2), ('045-476-4121', 2), ('045-475-1549', 1), ('0466-29-2350', 1), ('046-220-0683', 1), ('058-212-3612', 1), ('011-218-0139', 1), ('0166-29-0350', 1), ('0155-28-4779', 1), ('0144-77-3196', 1), ('0172-31-6160', 1), ('045-605-4439', 1)]","['5NBCS45MG5FM EYSB0IK日総工産株式会社 徳島オフィス / 電話088-693-3570拠点一覧｜企業情報 - 日総工産株式会社|||', 'SSO 日総工産株式会社 › - ›  › 0住所 □電話番号 神奈川県横浜市 045-475-1549 神奈川県藤沢市 0466-29-235|||', '203 徳島県板野郡藍住町奥野字矢上前28-1 宮本テナント2階D号室 TEL：088-693-3570  日総工産株式会社 情報セキュリティポ|||', 'SO 日総工産株式会社 › - ›  › 住 所 電話番号 北海道札幌市中央区 011-218-0139 北海道旭川市 0166-29-0350|||', '155-28-4779 北海道苫小牧市 0144-77-3196 青森県弘前市 0172-31-6160日総工産株式会社の拠点・事業所一覧 - |||', ' 神奈川県横浜市港北区新横浜1-4-1 日総工産新横浜ビル · 本社電話番号, 045-605-4439 · 設立, 1971年2月3日 · 資|||']"
32,パーソルマーケティング株式会社,https://www.google.com/search?q=%E3%83%91%E3%83%BC%E3%82%BD%E3%83%AB%E3%83%9E%E3%83%BC%E3%82%B1%E3%83%86%E3%82%A3%E3%83%B3%E3%82%B0%E6%A0%AA%E5%BC%8F%E4%BC%9A%E7%A4%BE%20%E9%9B%BB%E8%A9%B1%E7%95%AA%E5%8F%B7,"[('03-3359-7599', 4), ('011-272-5911', 1), ('03-5860-7565', 1)]",['必須 個人情報の取り扱いパーソルマーケティング株式会社 本社 (新宿区 TEL:03-3359-7599)24 › 東京都 › 新宿区電話番号「|||']
33,株式会社マイナビEdge,https://www.google.com/search?q=%E6%A0%AA%E5%BC%8F%E4%BC%9A%E7%A4%BE%E3%83%9E%E3%82%A4%E3%83%8A%E3%83%93Edge%20%E9%9B%BB%E8%A9%B1%E7%95%AA%E5%8F%B7,"[('03-4329-1081', 1), ('03-5860-7565', 1), ('052-559-2022', 1), ('03-4329-1087', 1), ('03-4329-1084', 1)]","['所在地東京都港区港南2-16-3 品川グランドセントラルタワー24F本社電話番号03-4329-1081設立1972年資本金1億円(資本準備金を|||', 'w24ujp › 東京都 › 港区事業所名：株式会社マイナビEdge 電話番号：03-4329-1087 有効期限：2024/03/31 (あと|||']"
34,DSP株式会社（人材）,https://www.google.com/search?q=DSP%E6%A0%AA%E5%BC%8F%E4%BC%9A%E7%A4%BE%EF%BC%88%E4%BA%BA%E6%9D%90%EF%BC%89%20%E9%9B%BB%E8%A9%B1%E7%95%AA%E5%8F%B7,"[('03-6268-8309', 8), ('03-6268-8319', 4), ('06-6940-6200', 1), ('092-260-8713', 1)]","['です！ 【選考直結型WEB説明会】絶賛開催中です! 転勤なし  本社電話番号, 03-6268-8309 設立, 2004年3月18日 資本金,|||']"
35,株式会社アーキ・ジャパン,https://www.google.com/search?q=%E6%A0%AA%E5%BC%8F%E4%BC%9A%E7%A4%BE%E3%82%A2%E3%83%BC%E3%82%AD%E3%83%BB%E3%82%B8%E3%83%A3%E3%83%91%E3%83%B3%20%E9%9B%BB%E8%A9%B1%E7%95%AA%E5%8F%B7,"[('03-5909-2512', 5), ('03-5909-2513', 2), ('0120-60-2323', 1), ('059-359-2217', 1), ('059-325-6079', 1), ('03-6453-9027', 1), ('06-6940-7756', 1), ('03-5909-2517', 1)]","[' 本社所在地, 東京都新宿区西新宿2-4-1 新宿NSビル5階 本社電話番号, 03-5909-2512 大阪本社郵便番号, 530-0015 |||', 'パン - マピオン › 株式会社アーキ・ジャパン（建設会社・工事業）の電話番号は03-6453-9027、住所は東京都港区三田3丁目9−7、最寄|||', '4年度会社概要 | マイナビ2025 ›  › 97786 › 本社電話番号, 03-5909-2512 大阪本社郵便番号, 530-0015 |||', '大阪府大阪市北区中崎西2-4-12 梅田センタービル17階 大阪本社電話番号, 06-6940-7756 設立個人情報保護方針｜株式会社 アーキ|||', '掲載終了 ／ 株式会社アーキ・ジャパン - PROSEEK ›  【電話番号】 03-5909-2517 【E-】 -1@ 転職サイト[PROS|||']"
36,株式会社リクルートキャリアコンサルティング,https://www.google.com/search?q=%E6%A0%AA%E5%BC%8F%E4%BC%9A%E7%A4%BE%E3%83%AA%E3%82%AF%E3%83%AB%E3%83%BC%E3%83%88%E3%82%AD%E3%83%A3%E3%83%AA%E3%82%A2%E3%82%B3%E3%83%B3%E3%82%B5%E3%83%AB%E3%83%86%E3%82%A3%E3%83%B3%E3%82%B0%20%E9%9B%BB%E8%A9%B1%E7%95%AA%E5%8F%B7,"[('03-3592-5541', 2), ('03-6693-1750', 1), ('03-3592-5524', 1), ('03-5320-8906', 1)]","['FM EYSB0IK会社概要社名株式会社リクルートキャリアコンサルティング連絡先03-3592-5541（大代表）事業内容再就職支援事業、キャリ|||', '（全91件）- ›  › 株式会社リクルートキャリアコンサルティング電話番号, 03-3592-5541 URL, ://-/ NOKIZAL |||']"
37,UTグループ株式会社,https://www.google.com/search?q=UT%E3%82%B0%E3%83%AB%E3%83%BC%E3%83%97%E6%A0%AA%E5%BC%8F%E4%BC%9A%E7%A4%BE%20%E9%9B%BB%E8%A9%B1%E7%95%AA%E5%8F%B7,"[('03-5447-1711', 3), ('03-5447-1712', 2), ('044-789-8755', 1), ('0800-800-7738', 1), ('03-5447-1715', 1), ('03-6277-1862', 1), ('053-401-2632', 1), ('053-401-2633', 1), ('03-6821-2076', 1), ('029-276-9497', 1)]","['問い合わせ | UTグループ株式会社- › 採用・人材活用に関するお問い合わせ 044-789-8755 受付時間： 9:00～17:30 （土|||', '所在地, 東京都品川区東五反田一丁目11番15号 電波ビル6階 本社電話番号, 03-6821-2076（平日9:00～18:00） 創業, 1|||']"
38,ポート株式会社（インターネット）,https://www.google.com/search?q=%E3%83%9D%E3%83%BC%E3%83%88%E6%A0%AA%E5%BC%8F%E4%BC%9A%E7%A4%BE%EF%BC%88%E3%82%A4%E3%83%B3%E3%82%BF%E3%83%BC%E3%83%8D%E3%83%83%E3%83%88%EF%BC%89%20%E9%9B%BB%E8%A9%B1%E7%95%AA%E5%8F%B7,"[('03-5937-6731', 2), ('06-4967-2222', 1)]",[]
39,株式会社リンクスタッフ,https://www.google.com/search?q=%E6%A0%AA%E5%BC%8F%E4%BC%9A%E7%A4%BE%E3%83%AA%E3%83%B3%E3%82%AF%E3%82%B9%E3%82%BF%E3%83%83%E3%83%95%20%E9%9B%BB%E8%A9%B1%E7%95%AA%E5%8F%B7,"[('03-3401-8901', 3), ('03-3401-8884', 2), ('06-6228-8288', 1), ('03-6258-0494', 1)]",[' › 株式会社リンクスタッフ大阪本社（人材派遣・紹介・代行サービス）の電話番号は06-6228-8288、住所は大阪府大阪市中央区瓦町4丁目5−|||']
40,株式会社グロップ,https://www.google.com/search?q=%E6%A0%AA%E5%BC%8F%E4%BC%9A%E7%A4%BE%E3%82%B0%E3%83%AD%E3%83%83%E3%83%97%20%E9%9B%BB%E8%A9%B1%E7%95%AA%E5%8F%B7,"[('086-273-2369', 5), ('088-611-3225', 1)]","['5NBCS45MG5FM EYSB0IK株式会社グロップ 徳島オフィス / 電話088-611-3225会社概要・沿革 | 株式会社グロップ ›|||', '株式会社グロップ › 〒703-8248 岡山県岡山市中区さい70-3 TEL：086-273-2369 岡山インターから車で約25分程度 JR|||', ' マピオン › 株式会社グロップ本社（人材派遣・紹介・代行サービス）の電話番号は086-273-2369、住所は岡山県岡山市中区サイ70−3、最|||']"
41,株式会社トーコン（人材）,https://www.google.com/search?q=%E6%A0%AA%E5%BC%8F%E4%BC%9A%E7%A4%BE%E3%83%88%E3%83%BC%E3%82%B3%E3%83%B3%EF%BC%88%E4%BA%BA%E6%9D%90%EF%BC%89%20%E9%9B%BB%E8%A9%B1%E7%95%AA%E5%8F%B7,"[('03-3662-6571', 1), ('03-3662-6575', 1), ('0120-30-1751', 1), ('045-370-8850', 1), ('045-370-8890', 1), ('03-3543-0211', 1), ('03-5534-3800', 1)]",[]
42,株式会社ラクスパートナーズ,https://www.google.com/search?q=%E6%A0%AA%E5%BC%8F%E4%BC%9A%E7%A4%BE%E3%83%A9%E3%82%AF%E3%82%B9%E3%83%91%E3%83%BC%E3%83%88%E3%83%8A%E3%83%BC%E3%82%BA%20%E9%9B%BB%E8%A9%B1%E7%95%AA%E5%8F%B7,"[('03-6675-3638', 8), ('0120-82-5349', 3), ('03-6679-2918', 1)]","['90株式会社ラクスパートナーズ 採用情報 - HRMOS ›  › - TEL：03-6675-3638 FAX：0120-82-5349  株|||', '-5349 E-MAIL _@ ご株式会社ラクスパートナーズ (新宿区 TEL:03-6675-3638)24 › 東京都 › 新宿区電話番号「|||']"
43,マイケル・ペイジ・インターナショナル・ジャパン株式会社,https://www.google.com/search?q=%E3%83%9E%E3%82%A4%E3%82%B1%E3%83%AB%E3%83%BB%E3%83%9A%E3%82%A4%E3%82%B8%E3%83%BB%E3%82%A4%E3%83%B3%E3%82%BF%E3%83%BC%E3%83%8A%E3%82%B7%E3%83%A7%E3%83%8A%E3%83%AB%E3%83%BB%E3%82%B8%E3%83%A3%E3%83%91%E3%83%B3%E6%A0%AA%E5%BC%8F%E4%BC%9A%E7%A4%BE%20%E9%9B%BB%E8%A9%B1%E7%95%AA%E5%8F%B7,"[('03-5733-7166', 6), ('0104-01-0432', 3), ('03-5733-7167', 2)]","['-©マイケル・ペイジ・インターナショナル・ジャパン株式会社 【会社法人等番号】 0104-01-043253 〒105-0001 東京都港区虎ノ|||', '-©マイケル・ペイジ・インターナショナル・ジャパン株式会社 【会社法人等番号】 0104-01-043253 〒105-0001 東京都港区虎ノ|||', '-©マイケル・ペイジ・インターナショナル・ジャパン株式会社 【会社法人等番号】 0104-01-043253 〒105-0001 東京都港区虎ノ|||']"
44,株式会社スタッフサービス・ホールディングス,https://www.google.com/search?q=%E6%A0%AA%E5%BC%8F%E4%BC%9A%E7%A4%BE%E3%82%B9%E3%82%BF%E3%83%83%E3%83%95%E3%82%B5%E3%83%BC%E3%83%93%E3%82%B9%E3%83%BB%E3%83%9B%E3%83%BC%E3%83%AB%E3%83%87%E3%82%A3%E3%83%B3%E3%82%B0%E3%82%B9%20%E9%9B%BB%E8%A9%B1%E7%95%AA%E5%8F%B7,"[('03-5209-7100', 2), ('03-5209-7177', 1), ('03-5252-0100', 1)]",['› 千代田区大手町 労働者派遣業株式会社スタッフサービス・ホールディングス · 03-5252-0100 [電話をかける] · 〒100-000|||']
45,株式会社ジェイック,https://www.google.com/search?q=%E6%A0%AA%E5%BC%8F%E4%BC%9A%E7%A4%BE%E3%82%B8%E3%82%A7%E3%82%A4%E3%83%83%E3%82%AF%20%E9%9B%BB%E8%A9%B1%E7%95%AA%E5%8F%B7,"[('03-5282-7600', 7), ('03-5282-7607', 4), ('03-6777-7537', 2)]","['CS45G5NBCS45MG5FM EYSB0IKC P社名株式会社ジェイックT03-5282-7600（本社代表）E-@-会社概要｜会社情報｜|||', '101ビル6F 受付 TEL : 03-5282-7600(代表) FAX : 03-5282-7607(本社)株式会社ジェイック - オフィス|||']"
46,ミイダス株式会社,https://www.google.com/search?q=%E3%83%9F%E3%82%A4%E3%83%80%E3%82%B9%E6%A0%AA%E5%BC%8F%E4%BC%9A%E7%A4%BE%20%E9%9B%BB%E8%A9%B1%E7%95%AA%E5%8F%B7,"[('03-6385-6911', 2), ('0800-300-7686', 1), ('0800-123-9493', 1)]","['本社所在地, 東京都港区南青山1-15-5 パーソル南青山ビル 本社電話番号, 03-6385-6911 従業員数, 500名 売上高関連する質|||', '本社所在地, 東京都港区南青山1-15-5 パーソル南青山ビル 本社電話番号, 03-6385-6911 創業, 2015年7月 設立, 201|||']"
47,株式会社フジワーク（人材）,https://www.google.com/search?q=%E6%A0%AA%E5%BC%8F%E4%BC%9A%E7%A4%BE%E3%83%95%E3%82%B8%E3%83%AF%E3%83%BC%E3%82%AF%EF%BC%88%E4%BA%BA%E6%9D%90%EF%BC%89%20%E9%9B%BB%E8%A9%B1%E7%95%AA%E5%8F%B7,"[('072-682-8854', 3), ('03-5318-5232', 1), ('072-681-8133', 1), ('0120-13-1517', 1), ('078-926-1607', 1), ('03-5345-7021', 1), ('03-3388-6251', 1), ('0120-25-1510', 1)]",[]
48,株式会社ツナグ・マッチングサクセス,https://www.google.com/search?q=%E6%A0%AA%E5%BC%8F%E4%BC%9A%E7%A4%BE%E3%83%84%E3%83%8A%E3%82%B0%E3%83%BB%E3%83%9E%E3%83%83%E3%83%81%E3%83%B3%E3%82%B0%E3%82%B5%E3%82%AF%E3%82%BB%E3%82%B9%20%E9%9B%BB%E8%A9%B1%E7%95%AA%E5%8F%B7,"[('03-5860-7565', 2), ('03-6862-1008', 2), ('0422-70-2109', 1), ('050-1802-7135', 1), ('03-3569-2790', 1)]","['0IK求人応募 入力 | 株式会社ツナグ・マッチングサクセス-- › 電話番号：03-5860-7565 / 0120-700-779 個人情報|||', 'ウェブサイトに関するお問い合わせ先株式会社ツナグ・マッチングサクセス TEL: 03-6862-1008 TOP TSUNAGU MATCHIN|||', 'SUCCESS 株式会社ツナグ・マッチングサクセス電話番号0422702109/0422-70-2109の詳細情報 › _0422_70_210|||', '当社連結子会社の株式会社ツナグ・マッチングサクセス（本社：東京都  電話番号: 03-3569-2790; 代表者名: 米田光宏; 上場: 東証|||']"
49,パーソルホールディングス株式会社,https://www.google.com/search?q=%E3%83%91%E3%83%BC%E3%82%BD%E3%83%AB%E3%83%9B%E3%83%BC%E3%83%AB%E3%83%87%E3%82%A3%E3%83%B3%E3%82%B0%E3%82%B9%E6%A0%AA%E5%BC%8F%E4%BC%9A%E7%A4%BE%20%E9%9B%BB%E8%A9%B1%E7%95%AA%E5%8F%B7,"[('03-3375-2220', 7), ('03-6311-4056', 1)]",[]
50,株式会社yell,https://www.google.com/search?q=%E6%A0%AA%E5%BC%8F%E4%BC%9A%E7%A4%BEyell%20%E9%9B%BB%E8%A9%B1%E7%95%AA%E5%8F%B7,"[('03-6856-2060', 3), ('03-6856-2061', 2), ('0282-21-7478', 1), ('03-6261-2877', 1)]","['qSqdfB0ufIffyKc会社データ本社郵便番号321-0203本社電話番号0282-21-7478第二本社郵便番号340-0155第二本社|||', 'のページです。株式会社yell  TEL, 0120-951-231 FAX, 03-6856-2061 設立, 2014年9月11日 資本金,|||', 'uke Bloghiisukecom › 求人メディア2022/01/27 · 03-6856-2060の発信元は株式会社yell（エール） で|||']"
51,株式会社プロトソリューション,https://www.google.com/search?q=%E6%A0%AA%E5%BC%8F%E4%BC%9A%E7%A4%BE%E3%83%97%E3%83%AD%E3%83%88%E3%82%BD%E3%83%AA%E3%83%A5%E3%83%BC%E3%82%B7%E3%83%A7%E3%83%B3%20%E9%9B%BB%E8%A9%B1%E7%95%AA%E5%8F%B7,"[('03-3343-2100', 2), ('098-890-2400', 2), ('098-890-2404', 1)]","[' - 株式会社プロトソリューション › ソリューションに関するお問い合わせ · 03-3343-210003-3343-2100 ; サービスに|||', '01-2223 本社所在地, 沖縄県宜野湾市大山7-10-25 本社電話番号, 098-890-2400 創業, 2007年 設立, 2007年|||']"
52,株式会社マイナビワークス,https://www.google.com/search?q=%E6%A0%AA%E5%BC%8F%E4%BC%9A%E7%A4%BE%E3%83%9E%E3%82%A4%E3%83%8A%E3%83%93%E3%83%AF%E3%83%BC%E3%82%AF%E3%82%B9%20%E9%9B%BB%E8%A9%B1%E7%95%AA%E5%8F%B7,"[('03-5909-1916', 3), ('03-5909-1311', 2), ('03-5909-1987', 1), ('03-5909-1322', 1), ('045-450-1664', 1)]","['お問い合わせ - 株式会社マイナビワークス- › 当社に関するお問い合わせ ; 03-5909-1987(代表) · -@会社概要｜株式会社マイ|||', ' - 株式会社マイナビワークス- › エキスパートキャリア事業部 ／ TEL: 03-5909-1311 〒163-1526 東京都新宿区西新宿|||', '在地, 東京都新宿区西新宿1-6-1 新宿エルタワー27F · 本社電話番号, 03-5909-1322 · 設立, 2016年12月 ※(株)|||']"
53,株式会社メディカル・コンシェルジュ,https://www.google.com/search?q=%E6%A0%AA%E5%BC%8F%E4%BC%9A%E7%A4%BE%E3%83%A1%E3%83%87%E3%82%A3%E3%82%AB%E3%83%AB%E3%83%BB%E3%82%B3%E3%83%B3%E3%82%B7%E3%82%A7%E3%83%AB%E3%82%B8%E3%83%A5%20%E9%9B%BB%E8%A9%B1%E7%95%AA%E5%8F%B7,"[('03-5798-8033', 5), ('0800-170-7414', 2), ('03-5798-8032', 1), ('03-5798-8174', 1)]","['NTACT - 株式会社メディカル・コンシェルジュ › お電話でのお問い合わせ 03-5798-8033 （代表） 求人情報、サービスについての|||', 'が最恵比寿本社 | 営業拠点 - 株式会社メディカル・コンシェルジュ ›  › 03-5798-8033（代表）; 0800-170-7414（|||', ' 株式会社メディカル・コンシェルジュ（人材派遣・紹介・代行サービス）の電話番号は03-5798-8033、住所は東京都渋谷区恵比寿南1丁目5−5|||']"
54,関西ビジネスインフォメーション株式会社,https://www.google.com/search?q=%E9%96%A2%E8%A5%BF%E3%83%93%E3%82%B8%E3%83%8D%E3%82%B9%E3%82%A4%E3%83%B3%E3%83%95%E3%82%A9%E3%83%A1%E3%83%BC%E3%82%B7%E3%83%A7%E3%83%B3%E6%A0%AA%E5%BC%8F%E4%BC%9A%E7%A4%BE%20%E9%9B%BB%E8%A9%B1%E7%95%AA%E5%8F%B7,"[('06-4803-2200', 4), ('06-4803-2210', 1), ('01-234-4567', 1), ('06-4803-2307', 1), ('06-6449-2653', 1), ('06-6449-2670', 1)]","['要 | 教育・研修 | 関西ビジネスインフォメーション株式会社 ›  › TEL06-6449-2653 FAX06-6449-2670; 資本|||', 'オン › 関西ビジネスインフォメーション株式会社（建設会社・工事業）の電話番号は06-4803-2200、住所は大阪府大阪市北区中之島3丁目2−|||']"
55,株式会社バイトレ,https://www.google.com/search?q=%E6%A0%AA%E5%BC%8F%E4%BC%9A%E7%A4%BE%E3%83%90%E3%82%A4%E3%83%88%E3%83%AC%20%E9%9B%BB%E8%A9%B1%E7%95%AA%E5%8F%B7,"[('03-6704-4510', 4), ('03-6704-4511', 3), ('027-330-6680', 1), ('027-330-6681', 1), ('03-6704-4514', 1), ('06-6377-4510', 1), ('06-6377-4511', 1)]","['0-746-811（店舗情報 - 株式会社バイトレ81100 ›  › TEL：03-6704-4510 FAX：03-6704-4511 ○ |||', '株式会社バイトレ81100 ›  › TEL：03-6704-4510 FAX：03-6704-4511 ○ 高崎店（群馬本部） 〒370-00|||', ' - マピオン › 株式会社バイトレ（人材派遣・紹介・代行サービス）の電話番号は03-6704-4514、住所は東京都豊島区南池袋1丁目25−1|||']"
56,日本マニュファクチャリングサービス株式会社,https://www.google.com/search?q=%E6%97%A5%E6%9C%AC%E3%83%9E%E3%83%8B%E3%83%A5%E3%83%95%E3%82%A1%E3%82%AF%E3%83%81%E3%83%A3%E3%83%AA%E3%83%B3%E3%82%B0%E3%82%B5%E3%83%BC%E3%83%93%E3%82%B9%E6%A0%AA%E5%BC%8F%E4%BC%9A%E7%A4%BE%20%E9%9B%BB%E8%A9%B1%E7%95%AA%E5%8F%B7,"[('03-5333-1715', 4), ('03-5333-1716', 3), ('03-5333-1717', 2), ('03-5333-1383', 1), ('03-5333-1711', 1), ('0191-31-8842', 1)]","['京都新宿区西新宿3-20-2 東京オペラシティタワー45階 · 本社電話番号, 03-5333-1715 · 採用直通電話番号, 03-5333|||', 'ー45階 · 本社電話番号, 03-5333-1715 · 採用直通電話番号, 03-5333-1717 · 創業, 1985日本マニュファクチ|||', ' 東京都新宿区西新宿3-20-2 東京オペラシティタワー45階 本社電話番号, 03-5333-1715 創業, 1985年9月 設立, 199|||']"
57,株式会社アルトナー,https://www.google.com/search?q=%E6%A0%AA%E5%BC%8F%E4%BC%9A%E7%A4%BE%E3%82%A2%E3%83%AB%E3%83%88%E3%83%8A%E3%83%BC%20%E9%9B%BB%E8%A9%B1%E7%95%AA%E5%8F%B7,"[('0120-69-7551', 3), ('06-6445-7551', 2), ('06-6821-2833', 2), ('06-6821-2878', 1), ('06-7222-8111', 1), ('06-7713-2879', 1), ('045-273-1857', 1), ('045-470-5663', 1)]","['エンジニアサポートカンパニー｜株式会社アルトナー › 会社案内 › 企業情報T:06-6821-2878(代) F:06-6821-2833 新|||', 'ー - 大阪市 - マピオン › 株式会社アルトナー（その他専門職）の電話番号は06-6445-7551、住所は大阪府大阪市北区中之島3丁目2−|||', '専門  - マピオン › 株式会社アルトナー東京本社（その他専門職）の電話番号は045-470-5663、住所は神奈川県横浜市港北区新横浜2丁目|||', '株式会社アルトナー - 企業検索 - メカなび東海 ›  › _ › 電話番号／0120-69-7551 東京本社住所／神奈川県横浜市港北区新横|||']"
58,株式会社プレアデス,https://www.google.com/search?q=%E6%A0%AA%E5%BC%8F%E4%BC%9A%E7%A4%BE%E3%83%97%E3%83%AC%E3%82%A2%E3%83%87%E3%82%B9%20%E9%9B%BB%E8%A9%B1%E7%95%AA%E5%8F%B7,"[('03-6215-6001', 5), ('03-3516-6900', 1), ('06-6479-1030', 1)]","['社所在地, 東京都港区東新橋1-9-2 汐留住友ビル14階 · 本社電話番号, 03-6215-6001 · 大阪オフィス郵便番号, 530-0|||', 'プ・会社概要 | マイナビ2025 ›  › 247840 › 本社電話番号, 03-6215-6001 大阪オフィス郵便番号, 530-000|||']"
59,株式会社ツナググループHC（旧：株式会社ツナググループ・イノベーションズ）,https://www.google.com/search?q=%E6%A0%AA%E5%BC%8F%E4%BC%9A%E7%A4%BE%E3%83%84%E3%83%8A%E3%82%B0%E3%82%B0%E3%83%AB%E3%83%BC%E3%83%97HC%EF%BC%88%E6%97%A7%EF%BC%9A%E6%A0%AA%E5%BC%8F%E4%BC%9A%E7%A4%BE%E3%83%84%E3%83%8A%E3%82%B0%E3%82%B0%E3%83%AB%E3%83%BC%E3%83%97%E3%83%BB%E3%82%A4%E3%83%8E%E3%83%99%E3%83%BC%E3%82%B7%E3%83%A7%E3%83%B3%E3%82%BA%EF%BC%89%20%E9%9B%BB%E8%A9%B1%E7%95%AA%E5%8F%B7,"[('03-6858-2104', 1)]",[]
60,株式会社キャリア,https://www.google.com/search?q=%E6%A0%AA%E5%BC%8F%E4%BC%9A%E7%A4%BE%E3%82%AD%E3%83%A3%E3%83%AA%E3%82%A2%20%E9%9B%BB%E8%A9%B1%E7%95%AA%E5%8F%B7,"[('050-1744-4052', 1), ('076-292-0111', 1)]","['0 宮城県仙台市青葉区中央4-6-1 SS30ビル 22階 MAP ; TEL 050-1744-4052会社概要 | 株式会社キャリア ›  ›|||', 'リアシステム- › 【株式会社キャリアシステム 個人情報問合せ窓口】 電話番号：076-292-0111 受付時間 9:00～18:00 E-：|||']"
61,ランサーズ株式会社,https://www.google.com/search?q=%E3%83%A9%E3%83%B3%E3%82%B5%E3%83%BC%E3%82%BA%E6%A0%AA%E5%BC%8F%E4%BC%9A%E7%A4%BE%20%E9%9B%BB%E8%A9%B1%E7%95%AA%E5%8F%B7,"[('03-5774-6086', 4)]","[' シェアサービスランサーズ株式会社の転職・求人情報 - AMBI- › TEL 03-5774-6086 人事部/採用担当 @ ホームページ: |||', '式会社 お問い合わせ › _ › お問い合わせ · お電話でのお問い合わせ · 03-5774-6086関連性の高い検索ランサーズ株式会社 従業|||']"
62,株式会社揚羽,https://www.google.com/search?q=%E6%A0%AA%E5%BC%8F%E4%BC%9A%E7%A4%BE%E6%8F%9A%E7%BE%BD%20%E9%9B%BB%E8%A9%B1%E7%95%AA%E5%8F%B7,"[('03-6280-3336', 9), ('03-6280-3337', 2), ('03-6280-3338', 1), ('03-6280-3339', 1)]","['央区八丁堀2-12-7 3F TEL : 03-6280-3336 FAX : 03-6280-3337 ; 資本金, 1000万円株式会社揚羽|||', '80-3337 ; 資本金, 1000万円株式会社揚羽（AGEHA I）TEL：03-6280-3336 個人情報保護方針 · ソーシャルメディ|||', 'A  お問い合わせ CONTACT｜株式会社揚羽（AGEHA I） › TEL：03-6280-3336 個人情報保護方針 · ソーシャルメディ|||', '社揚羽 - マピオン › 株式会社揚羽（その他専門職,宣伝・広告業）の電話番号は03-6280-3336、住所は東京都中央区八丁堀2丁目12−7|||', ' 株式会社揚羽（AGEHA I） › 2016/02/05 · 【新電話番号】 03-6280-3336（代表番号） 03-6280-3337（|||']"
63,日本コンベンションサービス株式会社,https://www.google.com/search?q=%E6%97%A5%E6%9C%AC%E3%82%B3%E3%83%B3%E3%83%99%E3%83%B3%E3%82%B7%E3%83%A7%E3%83%B3%E3%82%B5%E3%83%BC%E3%83%93%E3%82%B9%E6%A0%AA%E5%BC%8F%E4%BC%9A%E7%A4%BE%20%E9%9B%BB%E8%A9%B1%E7%95%AA%E5%8F%B7,"[('03-3508-1211', 2), ('03-3508-2015', 2), ('092-712-6201', 1), ('092-712-6262', 1), ('03-3508-0820', 1)]","['- マピオン › 日本コンベンションサービス株式会社（その他専門職）の電話番号は03-3508-1211、住所は東京都千代田区霞が関1丁目4−2|||', '地, 東京都千代田区霞が関1-4-2 大同生命霞が関ビル18階 本社電話番号, 03-3508-2015 創立, 1967年（昭和42年）12月|||', '地, 東京都千代田区霞が関1-4-2 大同生命霞が関ビル18階 本社電話番号, 03-3508-2015 創立, 1967年（昭和42年）12月|||']"
64,Suprieve Holdings株式会社,https://www.google.com/search?q=Suprieve%20Holdings%E6%A0%AA%E5%BC%8F%E4%BC%9A%E7%A4%BE%20%E9%9B%BB%E8%A9%B1%E7%95%AA%E5%8F%B7,"[('03-6706-2861', 2), ('080-3342-6799', 1), ('052-856-3328', 1), ('050-5329-2005', 1), ('011-215-1307', 1)]","[' search › corp212785 › outline東京本社電話番号, 03-6706-2861 大阪本社郵便番号, 530-0011 |||', 'ordercontractSuprieve Holdings株式会社 TEL, 050-5329-2005 住所, 〒530-0011 大阪府大阪|||']"
65,G.A.コンサルタンツ株式会社（旧：ジー・エー・コンサルタンツ株式会社）,https://www.google.com/search?q=G.A.%E3%82%B3%E3%83%B3%E3%82%B5%E3%83%AB%E3%82%BF%E3%83%B3%E3%83%84%E6%A0%AA%E5%BC%8F%E4%BC%9A%E7%A4%BE%EF%BC%88%E6%97%A7%EF%BC%9A%E3%82%B8%E3%83%BC%E3%83%BB%E3%82%A8%E3%83%BC%E3%83%BB%E3%82%B3%E3%83%B3%E3%82%B5%E3%83%AB%E3%82%BF%E3%83%B3%E3%83%84%E6%A0%AA%E5%BC%8F%E4%BC%9A%E7%A4%BE%EF%BC%89%20%E9%9B%BB%E8%A9%B1%E7%95%AA%E5%8F%B7,"[('03-6300-7840', 4), ('06-6359-1816', 2), ('03-5333-8688', 1)]","[' › search › corp211285 › outline本社電話番号, 03-6300-7840 第二本社郵便番号, 530-0012 |||', '社所在地, 大阪市北区芝田1-14-8 梅田北プレイス9階 第二本社電話番号, 06-6359-1816 設立, 1995年12月関連性の高い検|||']"
66,株式会社CBホールディングス,https://www.google.com/search?q=%E6%A0%AA%E5%BC%8F%E4%BC%9A%E7%A4%BECB%E3%83%9B%E3%83%BC%E3%83%AB%E3%83%87%E3%82%A3%E3%83%B3%E3%82%B0%E3%82%B9%20%E9%9B%BB%E8%A9%B1%E7%95%AA%E5%8F%B7,"[('03-6430-3900', 6), ('03-6430-3910', 2), ('03-6430-3903', 1), ('03-6430-3902', 1), ('03-6435-9220', 1)]","['6430-3902（フリーダイヤル：0120-979-544） 採用関連TEL:03-6430-3900 (CB株式会社CBホールディングス 東|||', 'の 会社情報 基本データ 会社名, 株式会社CBホールディングス  電話番号, 03-6430-3900 お問い合わせ先, 03-6430-39|||', '/株式会社CBホールディングス 採用情報 - HRMOS ›  › 電話番号: 03-6430-3900; FAX: 03-6430-3910;|||', '- ›  › 2018/01/30 · 株式会社CBホールディングス 電話番号 03-6430-3900 電話受付時間 9:00～18:00（土|||']"
67,株式会社トラストネットワーク,https://www.google.com/search?q=%E6%A0%AA%E5%BC%8F%E4%BC%9A%E7%A4%BE%E3%83%88%E3%83%A9%E3%82%B9%E3%83%88%E3%83%8D%E3%83%83%E3%83%88%E3%83%AF%E3%83%BC%E3%82%AF%20%E9%9B%BB%E8%A9%B1%E7%95%AA%E5%8F%B7,"[('03-3405-3333', 6), ('03-3405-3330', 2), ('03-3405-3334', 1), ('092-437-8944', 1), ('092-437-8966', 1), ('0303-3405-3333', 1), ('083-932-1133', 1)]","[' 株式会社トラストネットワーク- › お電話でのお問い合わせも承っております。 03-3405-3333 平日9:30～(株)トラストネットワー|||', '在地, 東京都港区六本木7-18-23 EX六本木ビル4F · 本社電話番号, 03-3405-3333（代表） · 設立, 1989年1月19|||', '- ›  ›  › 株式会社トラストネットワーク人事部 採用担当 宛 電話番号 03-3405-3334 当社専用フォームから応募 以下の応募フ|||', '- マピオン › 株式会社トラストネットワーク（テレビ局・ラジオ局）の電話番号は03-3405-3333、住所は東京都港区六本木7丁目18−23|||', ' 0334053333/03-3405-3333の情報 - IVR › H › 0303-3405-3333は、株式会社トラストネットワークの電話番|||', '- マピオン › 株式会社トラストネットワーク（テレビ局・ラジオ局）の電話番号は083-932-1133、住所は山口県山口市中央3丁目5−25、|||']"
68,トラコム株式会社,https://www.google.com/search?q=%E3%83%88%E3%83%A9%E3%82%B3%E3%83%A0%E6%A0%AA%E5%BC%8F%E4%BC%9A%E7%A4%BE%20%E9%9B%BB%E8%A9%B1%E7%95%AA%E5%8F%B7,"[('03-5545-3031', 5), ('03-5545-3032', 4), ('06-6910-2266', 4), ('075-744-6002', 4), ('043-302-1155', 3), ('052-446-7115', 1), ('03-5545-3033', 1), ('075-744-6003', 1)]","['2 千葉: 043-302-1155 大阪: 06-6910-2266 京都: 075-744-6002 名古屋: 052-トラコム株式会社 リ|||', 'ン電話帳 - トラコム株式会社 › トラコム株式会社（宣伝・広告業）の電話番号は03-5545-3031、住所は東京都港区赤坂1丁目12−32、|||', '2-含まれない:  番号 | 必須にする:番号トラコム株式会社 (港区 TEL:03-5545-3031) - あなたの街の情報屋 24 › 東|||', '545-3031) - あなたの街の情報屋 24 › 東京都 › 港区電話番号「03-5545-3031」東京都港区にある「トラコム株式会社」の|||']"
69,株式会社ヒップ,https://www.google.com/search?q=%E6%A0%AA%E5%BC%8F%E4%BC%9A%E7%A4%BE%E3%83%92%E3%83%83%E3%83%97%20%E9%9B%BB%E8%A9%B1%E7%95%AA%E5%8F%B7,"[('045-328-1000', 6), ('045-328-1001', 2), ('03-5334-6911', 1), ('03-5334-6910', 1), ('03-3370-2001', 1)]","['社ヒップ（HIP）- ›  ›  › 株式会社ヒップ 採用係 高橋 TEL ： 045-328-1000 E- ：株式会社ヒップ 本社 - 横浜|||', ' 本社 - 横浜市 - M › 株式会社ヒップ 本社（その他専門職）の電話番号は045-328-1000、住所は神奈川県横浜市西区楠町8−8、最|||', 'ローカル- ›  › 株式会社ヒップ本社 · 神奈川県横浜市西区楠町8−8 · 045-328-1000 · 神奈川県 > 横浜市西区 · ビジ|||']"
70,SGフィルダー株式会社,https://www.google.com/search?q=SG%E3%83%95%E3%82%A3%E3%83%AB%E3%83%80%E3%83%BC%E6%A0%AA%E5%BC%8F%E4%BC%9A%E7%A4%BE%20%E9%9B%BB%E8%A9%B1%E7%95%AA%E5%8F%B7,"[('03-5665-2022', 2), ('0568-74-7521', 2), ('06-6467-5410', 1)]","['120751244 / 0120-751-244 · 0568747521 / 0568-74-7521 · SGフィルダー株式会社中部支店 電|||', '› SGフィルダー株式会社 中部支店（人材派遣・紹介・代行サービス）の電話番号は0568-74-7521、住所は愛知県小牧市大字三ツ渕惣作135|||']"
71,株式会社トライアンフ（人材サービス）,https://www.google.com/search?q=%E6%A0%AA%E5%BC%8F%E4%BC%9A%E7%A4%BE%E3%83%88%E3%83%A9%E3%82%A4%E3%82%A2%E3%83%B3%E3%83%95%EF%BC%88%E4%BA%BA%E6%9D%90%E3%82%B5%E3%83%BC%E3%83%93%E3%82%B9%EF%BC%89%20%E9%9B%BB%E8%A9%B1%E7%95%AA%E5%8F%B7,"[('0248-21-0720', 3), ('0120-91-0353', 1), ('0248-21-0721', 1), ('0248-72-3301', 1), ('052-339-0610', 1), ('052-339-0611', 1)]",[]
72,パーソルダイバース株式会社（旧：パーソルチャレンジ株式会社）,https://www.google.com/search?q=%E3%83%91%E3%83%BC%E3%82%BD%E3%83%AB%E3%83%80%E3%82%A4%E3%83%90%E3%83%BC%E3%82%B9%E6%A0%AA%E5%BC%8F%E4%BC%9A%E7%A4%BE%EF%BC%88%E6%97%A7%EF%BC%9A%E3%83%91%E3%83%BC%E3%82%BD%E3%83%AB%E3%83%81%E3%83%A3%E3%83%AC%E3%83%B3%E3%82%B8%E6%A0%AA%E5%BC%8F%E4%BC%9A%E7%A4%BE%EF%BC%89%20%E9%9B%BB%E8%A9%B1%E7%95%AA%E5%8F%B7,"[('03-6478-1730', 2), ('03-6385-6142', 2), ('03-6385-6143', 1), ('0880-22-4010', 1), ('03-3375-2220', 1)]","['イバース株式会社は、旧パーソルチャレンジ株式会社と旧パーソル  本社電話番号, 03-6478-1730 創立, 2008年1月1日（特例認定 |||', '【旧社名：パーソルチャレンジ(株)】 正社員; 既卒可 現在  本社電話番号, 03-6478-1730 創立, 2008年1月1日（特例認定 |||']"
73,株式会社太陽企画（人材）,https://www.google.com/search?q=%E6%A0%AA%E5%BC%8F%E4%BC%9A%E7%A4%BE%E5%A4%AA%E9%99%BD%E4%BC%81%E7%94%BB%EF%BC%88%E4%BA%BA%E6%9D%90%EF%BC%89%20%E9%9B%BB%E8%A9%B1%E7%95%AA%E5%8F%B7,"[('03-3987-0981', 4), ('03-3987-0985', 1)]",[]
74,株式会社エイジス,https://www.google.com/search?q=%E6%A0%AA%E5%BC%8F%E4%BC%9A%E7%A4%BE%E3%82%A8%E3%82%A4%E3%82%B8%E3%82%B9%20%E9%9B%BB%E8%A9%B1%E7%95%AA%E5%8F%B7,"[('043-350-0888', 2), ('022-292-1620', 1), ('022-292-1621', 1), ('087-814-4555', 1), ('087-814-4566', 1), ('087-813-8111', 1), ('03-3249-4104', 1)]",['業  - エイジス › 株式会社エイジス 個人情報に係る苦情・相談窓口 TEL 043-350-0888／ FAX 043-350  電話番号：|||']
75,株式会社モード・プランニング・ジャパン,https://www.google.com/search?q=%E6%A0%AA%E5%BC%8F%E4%BC%9A%E7%A4%BE%E3%83%A2%E3%83%BC%E3%83%89%E3%83%BB%E3%83%97%E3%83%A9%E3%83%B3%E3%83%8B%E3%83%B3%E3%82%B0%E3%83%BB%E3%82%B8%E3%83%A3%E3%83%91%E3%83%B3%20%E9%9B%BB%E8%A9%B1%E7%95%AA%E5%8F%B7,"[('03-6847-5888', 4), ('03-6847-5859', 3), ('03-6847-5787', 2), ('03-6847-5889', 2), ('03-6847-5858', 2), ('03-6847-5805', 1)]","['地, 東京都中央区銀座七丁目16番12号 G7ビルディング6階 本社電話番号, 03-6847-5805 設立, 1991年3月 資本金, 8,|||']"
76,ディーピーティー株式会社,https://www.google.com/search?q=%E3%83%87%E3%82%A3%E3%83%BC%E3%83%94%E3%83%BC%E3%83%86%E3%82%A3%E3%83%BC%E6%A0%AA%E5%BC%8F%E4%BC%9A%E7%A4%BE%20%E9%9B%BB%E8%A9%B1%E7%95%AA%E5%8F%B7,"[('052-238-1118', 5), ('052-265-9382', 3), ('052-265-9383', 2), ('052-238-1158', 1), ('052-238-4518', 1), ('052-265-9381', 1), ('03-6721-7088', 1)]","['事業 TEL：052-265-9381ディーピーティー 株式会社 本社 / 電話052-238-1118似たような質問ディーピーティー株式会社は|||', '県名古屋市中区栄3-3-21 セントライズ栄 8F(メディア事業6F) TEL:052-238-1118  DPT ディーピーティー株式会社 D|||', '用・会社概要 | マイナビ2024 ›  › 207209 › 本社電話番号, 052-265-9382 東京支社郵便番号, 141-0032 |||', '在地, 愛知県名古屋市中区栄三丁目3番21号セントライズ栄8F 本社電話番号, 052-265-9382 東京支社郵便番号, 141-0032 |||']"
77,株式会社トランジットジェネラルオフィス,https://www.google.com/search?q=%E6%A0%AA%E5%BC%8F%E4%BC%9A%E7%A4%BE%E3%83%88%E3%83%A9%E3%83%B3%E3%82%B8%E3%83%83%E3%83%88%E3%82%B8%E3%82%A7%E3%83%8D%E3%83%A9%E3%83%AB%E3%82%AA%E3%83%95%E3%82%A3%E3%82%B9%20%E9%9B%BB%E8%A9%B1%E7%95%AA%E5%8F%B7,"[('050-1743-1601', 2), ('050-1743-1210', 1), ('06-7777-6600', 1), ('06-7777-6400', 1), ('03-6826-5660', 1)]",['RL: ://- 詳細情報株式会社トランジットジェネラルオフィス › TEL: 050-1743-1601; URL: ://-; 代表者 代表取|||']
78,株式会社ビーネックステクノロジーズ,https://www.google.com/search?q=%E6%A0%AA%E5%BC%8F%E4%BC%9A%E7%A4%BE%E3%83%93%E3%83%BC%E3%83%8D%E3%83%83%E3%82%AF%E3%82%B9%E3%83%86%E3%82%AF%E3%83%8E%E3%83%AD%E3%82%B8%E3%83%BC%E3%82%BA%20%E9%9B%BB%E8%A9%B1%E7%95%AA%E5%8F%B7,"[('03-5777-7727', 3), ('092-432-0306', 1), ('03-5777-7728', 1), ('03-5777-7736', 1), ('03-5777-7742', 1), ('06-4795-4603', 1), ('06-4795-4604', 1), ('0800-100-0257', 1)]","['在地, 東京都港区東新橋2-14-1 NBFコモディオ汐留3F 本社電話番号, 03-5777-7727 設立, 2019年7月 資本金, 2億|||']"
79,株式会社IMAGICA GEEQ（旧：株式会社イマジカデジタルスケープ）,https://www.google.com/search?q=%E6%A0%AA%E5%BC%8F%E4%BC%9A%E7%A4%BEIMAGICA%20GEEQ%EF%BC%88%E6%97%A7%EF%BC%9A%E6%A0%AA%E5%BC%8F%E4%BC%9A%E7%A4%BE%E3%82%A4%E3%83%9E%E3%82%B8%E3%82%AB%E3%83%87%E3%82%B8%E3%82%BF%E3%83%AB%E3%82%B9%E3%82%B1%E3%83%BC%E3%83%97%EF%BC%89%20%E9%9B%BB%E8%A9%B1%E7%95%AA%E5%8F%B7,"[('03-5459-6200', 2), ('03-4446-6617', 1)]","['身は2004年にデジタルスケープの1グループとしてスタート。  本社電話番号, 03-5459-6200 バウハウス東京 郵便番号, 102-0|||']"
80,株式会社アビスト,https://www.google.com/search?q=%E6%A0%AA%E5%BC%8F%E4%BC%9A%E7%A4%BE%E3%82%A2%E3%83%93%E3%82%B9%E3%83%88%20%E9%9B%BB%E8%A9%B1%E7%95%AA%E5%8F%B7,"[('0422-26-5960', 4), ('0422-26-5963', 2), ('03-5972-4491', 2), ('03-5972-4492', 2), ('0120-26-4769', 1), ('0120-81-0921', 1), ('03-5942-4649', 1), ('03-5942-4631', 1), ('0120-99-7636', 1)]","['店・第二東京支店東京システム支店 TEL：03-5972-4491 ／ FAX：03-5972-4492本社・事業所のご案内｜株式会社アビスト |||', 'による機械設計、システム・ソフトウェア開発の株式会社アビスト  電話番号, 例：0422-26-5960 FAX番号, 例：0422-26-59|||', '株式会社アビスト  電話番号, 例：0422-26-5960 FAX番号, 例：0422-26-5963 郵便番号, － 例：181-0013(|||', '本社所在地, 東京都三鷹市下連雀3丁目36番1号 トリコナ5階 本社電話番号, 0422-26-5960 創業, 1998年2月1日 設立, 2|||']"
81,株式会社アドバ,https://www.google.com/search?q=%E6%A0%AA%E5%BC%8F%E4%BC%9A%E7%A4%BE%E3%82%A2%E3%83%89%E3%83%90%20%E9%9B%BB%E8%A9%B1%E7%95%AA%E5%8F%B7,"[('03-6911-4955', 4), ('052-263-8755', 2), ('042-739-6882', 2), ('181-5190-2137', 1), ('2042-739-6882', 1)]","['。 社長宛。いないと言ったら、先日メールした件で連絡取りたいという。 折り返しは181-5190-2137だった。お問い合わせ｜株式会社アドバ ›|||', '427396882/042-739-6882の情報 - IVR › H › 042042-739-6882は、株式会社アドバの電話番号です。株式会|||', '・広告業）の電話番号・住所・地図 › 株式会社アドバ（宣伝・広告業）の電話番号は042-739-6882、住所は東京都町田市原町田3丁目2−2、|||']"
82,WDBココ株式会社,https://www.google.com/search?q=WDB%E3%82%B3%E3%82%B3%E6%A0%AA%E5%BC%8F%E4%BC%9A%E7%A4%BE%20%E9%9B%BB%E8%A9%B1%E7%95%AA%E5%8F%B7,"[('03-5144-2255', 4), ('078-389-1411', 3), ('03-5144-2250', 2)]","[' 東京都中央区晴海1-8-11 トリトンスクエアY 27F · 本社電話番号, 03-5144-2255 · 設立, 1984年（昭和59年）8|||', '支援、臨床研究支援を行っているCROです。WDBココ株式会社 (中央区 TEL:03-5144-2255)24 › 東京都 › 中央区電話番号「|||', '中央区 TEL:03-5144-2255)24 › 東京都 › 中央区電話番号「03-5144-2255」東京都中央区にある「WDBココ株式会社|||', '2024年度会社概要 - マイナビ ›  › 241733 › 本社電話番号, 03-5144-2255 設立, 1984年（昭和59年）8月 |||']"
83,株式会社メディカル・プリンシプル社,https://www.google.com/search?q=%E6%A0%AA%E5%BC%8F%E4%BC%9A%E7%A4%BE%E3%83%A1%E3%83%87%E3%82%A3%E3%82%AB%E3%83%AB%E3%83%BB%E3%83%97%E3%83%AA%E3%83%B3%E3%82%B7%E3%83%97%E3%83%AB%E7%A4%BE%20%E9%9B%BB%E8%A9%B1%E7%95%AA%E5%8F%B7,"[('03-4565-6100', 3), ('082-262-7500', 1), ('082-262-7501', 1), ('03-4565-6101', 1), ('098-860-5920', 1)]","[' 株式会社メディカル・プリンシプル社（英文表記：M P C, L  TEL : 082-262-7500 FAX : 082-262-7501 |||', 'スのご案内詳細資料をお送りいたします。 株式会社メディカル・プリンシプル社 T：03-4565-6101 E-：@- 担当：池口 メディカル株式|||', ' 株式会社メディカル・プリンシプル社（人材派遣・紹介・代行サービス）の電話番号は098-860-5920、住所は沖縄県那覇市前島3丁目1−15、|||']"
84,株式会社グッド・クルー,https://www.google.com/search?q=%E6%A0%AA%E5%BC%8F%E4%BC%9A%E7%A4%BE%E3%82%B0%E3%83%83%E3%83%89%E3%83%BB%E3%82%AF%E3%83%AB%E3%83%BC%20%E9%9B%BB%E8%A9%B1%E7%95%AA%E5%8F%B7,"[('03-3797-7333', 6), ('03-3797-6633', 2), ('06-6136-3900', 1), ('03-5860-7565', 1), ('03-3518-0191', 1), ('03-3518-0190', 1), ('03-3518-0192', 1)]","['S45MG5FM EYSB0IK株式会社グッド・クルー（大阪オフィス） / 電話06-6136-3900A US | GOOD CREW- › |||', '本社所在地, 東京都渋谷区渋谷2-21-1 渋谷ヒカリエ32F 本社電話番号, 03-3797-7333 設立, 2006（平成18）年7月10|||', 'マピオン › 株式会社グッド・クルー（人材派遣・紹介・代行サービス）の電話番号は03-3797-7333、住所は東京都渋谷区渋谷2丁目21−1、|||', ' 〒150-8510 東京都渋谷区渋谷2-21-1 渋谷ヒカリエ32F TEL：03-3797-7333 FAX：03  株式会社グッド・クルー|||']"
85,株式会社メドレー,https://www.google.com/search?q=%E6%A0%AA%E5%BC%8F%E4%BC%9A%E7%A4%BE%E3%83%A1%E3%83%89%E3%83%AC%E3%83%BC%20%E9%9B%BB%E8%A9%B1%E7%95%AA%E5%8F%B7,"[('03-4520-9820', 4), ('03-6893-6673', 1), ('03-4523-8501', 1), ('03-6685-5752', 1), ('06-6210-1756', 1)]",[]
86,株式会社東京海上日動キャリアサービス,https://www.google.com/search?q=%E6%A0%AA%E5%BC%8F%E4%BC%9A%E7%A4%BE%E6%9D%B1%E4%BA%AC%E6%B5%B7%E4%B8%8A%E6%97%A5%E5%8B%95%E3%82%AD%E3%83%A3%E3%83%AA%E3%82%A2%E3%82%B5%E3%83%BC%E3%83%93%E3%82%B9%20%E9%9B%BB%E8%A9%B1%E7%95%AA%E5%8F%B7,"[('03-6233-2240', 3), ('03-6233-2272', 1), ('03-6233-2250', 1), ('011-241-1781', 1), ('03-6233-2300', 1), ('022-225-2530', 1)]",[]
87,株式会社MS-Japan,https://www.google.com/search?q=%E6%A0%AA%E5%BC%8F%E4%BC%9A%E7%A4%BEMS-Japan%20%E9%9B%BB%E8%A9%B1%E7%95%AA%E5%8F%B7,"[('03-3239-7373', 7), ('03-3239-7397', 2), ('06-6292-5838', 1)]",[]
88,株式会社ディ・ポップス,https://www.google.com/search?q=%E6%A0%AA%E5%BC%8F%E4%BC%9A%E7%A4%BE%E3%83%87%E3%82%A3%E3%83%BB%E3%83%9D%E3%83%83%E3%83%97%E3%82%B9%20%E9%9B%BB%E8%A9%B1%E7%95%AA%E5%8F%B7,"[('03-3797-5557', 4), ('03-5860-7565', 1), ('03-6421-6757', 1), ('048-643-0660', 1), ('8048-643-0660', 1)]","[' ; 住所: 東京都渋谷区渋谷2-21-1 渋谷ヒカリエ32F ; 電話番号: 03-3797-5557会社概要 | 株式会社ディ・ポップス（D|||', '社所在地, 東京都渋谷区渋谷2-21-1 渋谷ヒカリエ 32F 本社電話番号, 03-3797-5557 設立, 1998年2月 資本金, 10|||', ' - 電話番号サーチ【企業情報検索】 › IBL株式会社ディ・ポップス TEL:03-3797-5557 企業情報 商号: 株式会社ディ・ポップ|||', '株式会社ディ・ポップス（D-POPS）- ›  番号：1-107区画 TEL: 03-6421-6757 TOP1武蔵小山_携帯ショップ  東京|||', '486430660/048-643-0660の情報 - IVR › H › 048048-643-0660は、株式会社ディ・ポップスの電話番号です|||']"
89,株式会社KG情報,https://www.google.com/search?q=%E6%A0%AA%E5%BC%8F%E4%BC%9A%E7%A4%BEKG%E6%83%85%E5%A0%B1%20%E9%9B%BB%E8%A9%B1%E7%95%AA%E5%8F%B7,"[('086-241-5522', 5), ('086-244-4911', 1), ('088-880-1551', 1)]","['北区/出版社）の電話番号・住所・地図 › 株式会社KG情報（出版社）の電話番号は086-241-5522、住所は岡山県岡山市北区平田170−10|||', '- マピオン電話帳 › 株式会社KG情報 高知支社（その他サービス）の電話番号は088-880-1551、住所は高知県高知市駅前町5−5、最寄り|||', '-0952 ; 本社所在地, 岡山市北区平田170-108 ; 本社電話番号, 086-241-5522 ; 許可, 一般労働者派遣事業（派33|||']"
90,株式会社エージェント（人材・東京都）,https://www.google.com/search?q=%E6%A0%AA%E5%BC%8F%E4%BC%9A%E7%A4%BE%E3%82%A8%E3%83%BC%E3%82%B8%E3%82%A7%E3%83%B3%E3%83%88%EF%BC%88%E4%BA%BA%E6%9D%90%E3%83%BB%E6%9D%B1%E4%BA%AC%E9%83%BD%EF%BC%89%20%E9%9B%BB%E8%A9%B1%E7%95%AA%E5%8F%B7,"[('03-5575-5840', 4), ('03-3780-3913', 1)]","[' 東京都渋谷区宇田川町33-7 アイ・アンド・イー渋谷ビル4F 本社電話番号, 03-3780-3913 創業, 2004年4月16日 設立, |||']"
91,株式会社シグナル（人材）,https://www.google.com/search?q=%E6%A0%AA%E5%BC%8F%E4%BC%9A%E7%A4%BE%E3%82%B7%E3%82%B0%E3%83%8A%E3%83%AB%EF%BC%88%E4%BA%BA%E6%9D%90%EF%BC%89%20%E9%9B%BB%E8%A9%B1%E7%95%AA%E5%8F%B7,"[('06-6631-8176', 1), ('06-6631-7155', 1), ('0120-25-4976', 1), ('06-6343-3880', 1), ('03-6803-8444', 1), ('06-6631-8112', 1)]",[]
92,株式会社FMG,https://www.google.com/search?q=%E6%A0%AA%E5%BC%8F%E4%BC%9A%E7%A4%BEFMG%20%E9%9B%BB%E8%A9%B1%E7%95%AA%E5%8F%B7,"[('0476-85-5005', 7), ('0476-85-5120', 6), ('0476-85-5021', 2), ('0476-33-0111', 2)]","['ー · サイトマップ 株式会社FMG 千葉県成田市不動ケ岡2118-5 TEL 0476-85-5005(本社) FAX 0476-85-512|||', '86-0044 本社所在地, 千葉県成田市不動ヶ岡2118-5 本社電話番号, 0476-85-5005 設立, 1996年（平成8年）8月8日|||', 'ー · サイトマップ 株式会社FMG 千葉県成田市不動ケ岡2118-5 TEL 0476-85-5005(本社) FAX 0476-85-512|||', 'ー · サイトマップ 株式会社FMG 千葉県成田市不動ケ岡2118-5 TEL 0476-85-5005(本社) FAX 0476-85-512|||', ' (C) FMG A R R株式会社FMG(成田市不動ケ岡/航空業)(電話番号:0476-85-5005) › 「鉄道・飛行機・バス」×「千葉県|||', 'ー · サイトマップ 株式会社FMG 千葉県成田市不動ケ岡2118-5 TEL 0476-85-5005(本社) FAX 0476-85-512|||']"
93,株式会社ワークス・ジャパン,https://www.google.com/search?q=%E6%A0%AA%E5%BC%8F%E4%BC%9A%E7%A4%BE%E3%83%AF%E3%83%BC%E3%82%AF%E3%82%B9%E3%83%BB%E3%82%B8%E3%83%A3%E3%83%91%E3%83%B3%20%E9%9B%BB%E8%A9%B1%E7%95%AA%E5%8F%B7,"[('03-5209-5012', 4), ('03-5209-5011', 3), ('03-5779-1128', 1)]","['京都千代田区鍛冶町2-2-2 神田パークプラザ7階（受付2階） 本社電話番号, 03-5209-5011 設立, 2010年7月7日 資本金, |||']"
94,ティー.ティー コーポレーション株式会社,https://www.google.com/search?q=%E3%83%86%E3%82%A3%E3%83%BC.%E3%83%86%E3%82%A3%E3%83%BC%20%E3%82%B3%E3%83%BC%E3%83%9D%E3%83%AC%E3%83%BC%E3%82%B7%E3%83%A7%E3%83%B3%E6%A0%AA%E5%BC%8F%E4%BC%9A%E7%A4%BE%20%E9%9B%BB%E8%A9%B1%E7%95%AA%E5%8F%B7,"[('03-5337-0070', 2), ('03-6478-2488', 1), ('03-5657-6734', 1), ('03-6368-4272', 1), ('03-5860-7565', 1), ('072-273-1518', 1), ('072-273-2118', 1)]","['区西新宿八丁目15番17号 住友不動産西新宿ビル2号館4階 ; 本社電話番号, 03-6368-4272 ; 採用専用電話番号, 0363684|||']"
95,旭化成アミダス株式会社,https://www.google.com/search?q=%E6%97%AD%E5%8C%96%E6%88%90%E3%82%A2%E3%83%9F%E3%83%80%E3%82%B9%E6%A0%AA%E5%BC%8F%E4%BC%9A%E7%A4%BE%20%E9%9B%BB%E8%A9%B1%E7%95%AA%E5%8F%B7,"[('03-6777-1308', 2), ('077-581-4020', 1), ('077-581-4075', 1), ('03-6777-1100', 1), ('03-6777-1307', 1), ('06-7636-3087', 1), ('06-7636-3126', 1), ('06-7636-3088', 1), ('06-7636-3189', 1), ('03-6777-4300', 1), ('0545-62-2077', 1), ('044-271-3860', 1), ('03-6777-1300', 1), ('077-581-4920', 1), ('092-526-2052', 1), ('092-526-2054', 1)]","['グループTEL: 077-581-4020 0120-854-622 FAX: 077-581-4075拠点一覧 - 旭化成アミダス株式会社 ›|||', '大阪 拠点情報 - 旭化成アミダス株式会社 › 会社情報 › 拠点一覧TEL: 06-7636-3087 · 0120-473-087; FAX|||', '事業部人材紹介グループ(大阪) TEL: 06-7636-3088; FAX: 06-7636-3189旭化成アミダス株式会社のサービス・セミナ|||', '旭化成アミダス株式会社のサービス・セミナー情報 - HRプロ › __電話番号 03-6777-4300 FAX番号 03-6777-1308 |||', '(株) 川崎製造所 合同9号館 · 川崎支店 0120-161-926 TEL：044-271-3860旭化成アミダス株式会社の会社概要｜ミドル|||', '› 転職エージェントTOP 旭化成アミダス株式会社などの人材紹介会社  TEL 03-6777-1300 / FAX 03-6777-1308 |||', '福岡 拠点情報 - 旭化成アミダス株式会社 › 会社情報 › 拠点一覧TEL: 092-526-2052 · 0120-751-670; FAX|||']"
96,インプレックスアンドカンパニー株式会社,https://www.google.com/search?q=%E3%82%A4%E3%83%B3%E3%83%97%E3%83%AC%E3%83%83%E3%82%AF%E3%82%B9%E3%82%A2%E3%83%B3%E3%83%89%E3%82%AB%E3%83%B3%E3%83%91%E3%83%8B%E3%83%BC%E6%A0%AA%E5%BC%8F%E4%BC%9A%E7%A4%BE%20%E9%9B%BB%E8%A9%B1%E7%95%AA%E5%8F%B7,"[('03-6550-8012', 10), ('03-6550-8013', 3), ('03-6435-7164', 1), ('03-6435-7165', 1)]","['御礼申し上げます。 この度、弊社インプレックスアンドカンパニー株式会社  番号：03-6435-7164 FAX番号：03-6435-7165会|||', '御礼申し上げます。 この度、弊社インプレックスアンドカンパニー株式会社  番号：03-6550-8012 FAX番号：03-6550-8013あ|||', '› インプレックスアンドカンパニー株式会社（調査・コンサルタント業）の電話番号は03-6550-8012、住所は東京都港区虎ノ門1丁目23−1、|||']"
97,ウェルビー株式会社（人材サービス）,https://www.google.com/search?q=%E3%82%A6%E3%82%A7%E3%83%AB%E3%83%93%E3%83%BC%E6%A0%AA%E5%BC%8F%E4%BC%9A%E7%A4%BE%EF%BC%88%E4%BA%BA%E6%9D%90%E3%82%B5%E3%83%BC%E3%83%93%E3%82%B9%EF%BC%89%20%E9%9B%BB%E8%A9%B1%E7%95%AA%E5%8F%B7,"[('03-6264-4672', 2), ('03-6268-9542', 2), ('03-6268-9543', 1)]","['用・会社概要 | マイナビ2024 ›  › 224260 › 本社電話番号, 03-6264-4672 代表者の役職  ウェルビーグループと業|||', 'プ・会社概要 | マイナビ2025 ›  › 224260 › 本社電話番号, 03-6264-4672 代表者の役職氏名, 代表取締役社長 大|||']"
98,サーチファーム・ジャパン株式会社,https://www.google.com/search?q=%E3%82%B5%E3%83%BC%E3%83%81%E3%83%95%E3%82%A1%E3%83%BC%E3%83%A0%E3%83%BB%E3%82%B8%E3%83%A3%E3%83%91%E3%83%B3%E6%A0%AA%E5%BC%8F%E4%BC%9A%E7%A4%BE%20%E9%9B%BB%E8%A9%B1%E7%95%AA%E5%8F%B7,"[('03-3221-3481', 13), ('03-3221-3482', 1)]","['102-0083 東京都千代田区麹町 1-7 相互半蔵門ビルディング（MAP） 03-3221-3481サーチファーム・ジャパン株式会社-お電話|||', '3-3221-3481サーチファーム・ジャパン株式会社-お電話でのお問い合わせ 03-3221-3481 〒102-0083 東京都千代田区麹町|||', '› サーチファーム・ジャパン株式会社（人材派遣・紹介・代行サービス）の電話番号は03-3221-3481、住所は東京都千代田区麹町1丁目7、最寄|||', 'ージェントTOP サーチファーム・ジャパン株式会社などの人材紹介会社  TEL 03-3221-3481 / FAX 03-3221-3482 |||']"
99,株式会社フェローズ（人材）,https://www.google.com/search?q=%E6%A0%AA%E5%BC%8F%E4%BC%9A%E7%A4%BE%E3%83%95%E3%82%A7%E3%83%AD%E3%83%BC%E3%82%BA%EF%BC%88%E4%BA%BA%E6%9D%90%EF%BC%89%20%E9%9B%BB%E8%A9%B1%E7%95%AA%E5%8F%B7,"[('03-5287-8880', 2), ('03-5287-8889', 2), ('03-5728-5580', 2), ('098-975-5330', 1), ('098-975-5331', 1), ('03-6276-5239', 1), ('092-753-8524', 1)]","['年に創業し、今年16年目の人材を扱う会社です。主な仕事内容は  本社電話番号, 03-6276-5239 設立, 2008年2月 資本金, 1億|||']"
